content,source,category,date
"Amazing product! Exceeded all my expectations. The quality is outstanding and delivery was super fast. Will definitely buy again!",email,product,2024-01-15
"Customer service was terrible. Waited 2 hours on hold and the representative was rude and unhelpful.",phone,service,2024-01-14
"The product is okay, nothing special but does what it's supposed to do. Fair value for the price.",survey,product,2024-01-13
"Shipping took forever! Ordered 2 weeks ago and still haven't received my package. Very disappointed.",chat,delivery,2024-01-12
"Love the new features in the latest update! The interface is much more user-friendly now.",email,feature,2024-01-11
"Way too expensive for what you get. I found similar products for half the price elsewhere.",social,pricing,2024-01-10
"Excellent customer support! Sarah helped me resolve my issue within minutes. Very impressed!",chat,service,2024-01-09
"Product arrived damaged and the packaging was terrible. Need better quality control.",email,delivery,2024-01-08
"Been using this for 6 months now. Reliable and good quality. Recommend to anyone looking for this type of product.",survey,product,2024-01-07
"Website keeps crashing when I try to checkout. Very frustrating user experience.",email,support,2024-01-06
"Fast delivery and great packaging! Product exactly as described. Very satisfied with my purchase.",email,delivery,2024-01-05
"The mobile app is buggy and slow. Needs major improvements to be usable.",social,support,2024-01-04
"Outstanding value for money! Quality exceeds expectations and customer service is top-notch.",survey,general,2024-01-03
"Delivery was delayed by a week without any notification. Poor communication from the team.",phone,delivery,2024-01-02
"Great product but the setup instructions are confusing. Could use better documentation.",email,support,2024-01-01
"Absolutely love it! This has made my life so much easier. Worth every penny!",social,product,2023-12-31
"Mediocre quality and overpriced. Expected much better based on the reviews.",email,product,2023-12-30
"Customer service representative John went above and beyond to help me. Fantastic experience!",phone,service,2023-12-29
"Product broke after just 2 weeks of use. Very poor build quality for the price.",chat,product,2023-12-28
"Quick delivery and easy returns process. Professional service throughout.",email,general,2023-12-27
"The new pricing model is confusing and seems more expensive than before.",survey,pricing,2023-12-26
"Works perfectly! Exactly what I needed and arrived earlier than expected.",email,product,2023-12-25
"Support team is knowledgeable and responsive. Fixed my issue in no time.",chat,support,2023-12-24
"Poor user interface design. Hard to navigate and find what you're looking for.",social,support,2023-12-23
"High quality materials and excellent craftsmanship. Really impressed with the attention to detail.",survey,product,2023-12-22
"Billing error on my account and it took weeks to resolve. Very frustrating process.",phone,service,2023-12-21
"Love the eco-friendly packaging! Great to see companies caring about the environment.",email,general,2023-12-20
"Product doesn't match the description on the website. False advertising in my opinion.",social,product,2023-12-19
"Smooth ordering process and great communication throughout. Will shop here again!",email,general,2023-12-18
"Price increased by 30% without any notice. Not happy about this sudden change.",survey,pricing,2023-12-17